student_id,study_hours,attendance_percent,previous_score,sleep_hours,practice_tests,final_score
1,2.5,72,58,6.0,1,61
2,4.0,85,67,7.0,3,74
3,1.5,64,49,5.5,0,53
4,5.0,91,78,7.5,5,86
5,3.2,79,63,6.5,2,69
6,6.0,94,84,8.0,6,91
7,2.0,68,52,6.0,1,57
8,4.5,88,71,7.0,4,79
9,3.8,81,66,6.5,3,73
10,5.5,92,80,7.5,5,88
11,1.8,61,45,5.0,0,49
12,4.2,86,69,7.0,3,76
13,3.0,75,60,6.0,2,65
14,6.5,96,88,8.0,7,94
15,2.7,70,55,5.5,6,60
16,4.8,89,74,7.5,4,82
17,3.5,77,62,6.5,2,68
18,5.2,93,81,7.0,5,89
19,2.2,66,50,5.5,1,54
20,4.7,87,73,7.0,4,81
